Profil,Nom,Prenom,Referentiel,Email,Genre,Telephone,promo
../medias/tete.png,Mbow,Saer,Dev-Web,saer@gmail.com,M,77885623,6
../medias/tete.png,Kane,Baba,Dev-Data,baba@gmail.com,M,72985623,6
../medias/tete.png,Sarr,Khady,Dev-Data,khady@gmail.com,F,709005623,6
../medias/tete.png,Fall,Nafi,Dev-Data,fina@gmail.com,F,88985623,6
../medias/tete.png,Sarr,Mamadou,Dev-Web,mamdou@gmail.com,M,30085688,6
../medias/tete.png,Diop,Sali,Ref-Dig,sali@gmail.com,F,789800623,6
../medias/tete.png,Fall,Pala,Dev-Web,papa@gmail.com,M,98985623,6
../medias/tete.png,Sow,Fatou,Ref-Dig,fatou@gmail.com,F,767783738,6
../medias/tete.png,Lo,Moussa,Ref-Dig,moussa@gmail.com,M,708283763,6
../medias/tete.png,Sylla,Nafy,Dev-Data,nafy@gmail.com,F",76836320,6
../medias/tete.png,Sarr,Lamine,Dev-Web,moussa@gmail.com,M,75125008,6
../medias/tete.png,Mbow,Saer,Dev-Web,saer@gmail.com,M,77885623,5
../medias/tete.png,Kane,Baba,Dev-Data,baba@gmail.com,M,72985623,5
../medias/tete.png,Sarr,Khady,Dev-Data,khady@gmail.com,F,709005623,5
../medias/tete.png,Fall,Nafi,Dev-Data,fina@gmail.com,F,88985623,5
../medias/tete.png,Sarr,Mamadou,Dev-Web,mamdou@gmail.com,M,30085688,5
../medias/tete.png,Diop,Sali,Ref-Dig,sali@gmail.com,F,789800623,5
../medias/tete.png,Fall,Pala,Dev-Web,papa@gmail.com,M,98985623,5
../medias/tete.png,Sow,Fatou,Ref-Dig,fatou@gmail.com,F,767783738,5
../medias/tete.png,Lo,Moussa,Ref-Dig,moussa@gmail.com,M,708283763,5
../medias/tete.png,Sylla,Nafy,Dev-Data,nafy@gmail.com,F",76836320,5
../medias/tete.png,Sarr,Lamine,Dev-Web,moussa@gmail.com,M,75125008,5
../medias/tete.png,Mbow,Saer,Dev-Web,saer@gmail.com,M,77885623,4
../medias/tete.png,Kane,Baba,Dev-Data,baba@gmail.com,M,72985623,4
../medias/tete.png,Sarr,Khady,Dev-Data,khady@gmail.com,F,709005623,4
../medias/tete.png,Fall,Nafi,Dev-Data,fina@gmail.com,F,88985623,4
../medias/tete.png,Sarr,Mamadou,Dev-Web,mamdou@gmail.com,M,30085688,4
../medias/tete.png,Diop,Sali,Ref-Dig,sali@gmail.com,F,789800623,4
../medias/tete.png,Fall,Pala,Dev-Web,papa@gmail.com,M,98985623,4
../medias/tete.png,Sow,Fatou,Ref-Dig,fatou@gmail.com,F,767783738,4
../medias/tete.png,Lo,Moussa,Ref-Dig,moussa@gmail.com,M,708283763,4
../medias/tete.png,Sylla,Nafy,Dev-Data,nafy@gmail.com,F",76836320,4
../medias/tete.png,Sarr,Lamine,Dev-Web,moussa@gmail.com,M,75125008,4
../medias/tete.png,Mbow,Saer,Dev-Web,saer@gmail.com,M,77885623,3
../medias/tete.png,Kane,Baba,Dev-Data,baba@gmail.com,M,72985623,3
../medias/tete.png,Sarr,Khady,Dev-Data,khady@gmail.com,F,709005623,3
../medias/tete.png,Fall,Nafi,Dev-Data,fina@gmail.com,F,88985623,3
../medias/tete.png,Sarr,Mamadou,Dev-Web,mamdou@gmail.com,M,30085688,3
../medias/tete.png,Diop,Sali,Ref-Dig,sali@gmail.com,F,789800623,3
../medias/tete.png,Fall,Pala,Dev-Web,papa@gmail.com,M,98985623,3
../medias/tete.png,Sow,Fatou,Ref-Dig,fatou@gmail.com,F,767783738,3
../medias/tete.png,Lo,Moussa,Ref-Dig,moussa@gmail.com,M,708283763,3
../medias/tete.png,Sylla,Nafy,Dev-Data,nafy@gmail.com,F",76836320,3
../medias/tete.png,Sarr,Lamine,Dev-Web,moussa@gmail.com,M,75125008,3
../medias/tete.png,Mbow,Saer,Dev-Web,saer@gmail.com,M,77885623,2
../medias/tete.png,Kane,Baba,Dev-Data,baba@gmail.com,M,72985623,2
../medias/tete.png,Sarr,Khady,Dev-Data,khady@gmail.com,F,709005623,2
../medias/tete.png,Fall,Nafi,Dev-Data,fina@gmail.com,F,88985623,2
../medias/tete.png,Sarr,Mamadou,Dev-Web,mamdou@gmail.com,M,30085688,2
../medias/tete.png,Diop,Sali,Ref-Dig,sali@gmail.com,F,789800623,2
../medias/tete.png,Fall,Pala,Dev-Web,papa@gmail.com,M,98985623,2
../medias/tete.png,Sow,Fatou,Ref-Dig,fatou@gmail.com,F,767783738,2
../medias/tete.png,Lo,Moussa,Ref-Dig,moussa@gmail.com,M,708283763,2
../medias/tete.png,Sylla,Nafy,Dev-Data,nafy@gmail.com,F",76836320,2
../medias/tete.png,Sarr,Lamine,Dev-Web,moussa@gmail.com,M,75125008,2    
../medias/tete.png,Mbow,Saer,Dev-Web,saer@gmail.com,M,77885623,1
../medias/tete.png,Kane,Baba,Dev-Data,baba@gmail.com,M,72985623,1
../medias/tete.png,Sarr,Khady,Dev-Data,khady@gmail.com,F,709005623,1
../medias/tete.png,Fall,Nafi,Dev-Data,fina@gmail.com,F,88985623,1
../medias/tete.png,Sarr,Mamadou,Dev-Web,mamdou@gmail.com,M,30085688,1
../medias/tete.png,Diop,Sali,Ref-Dig,sali@gmail.com,F,789800623,1
../medias/tete.png,Fall,Pala,Dev-Web,papa@gmail.com,M,98985623,1
../medias/tete.png,Sow,Fatou,Ref-Dig,fatou@gmail.com,F,767783738,1
../medias/tete.png,Lo,Moussa,Ref-Dig,moussa@gmail.com,M,708283763,1
../medias/tete.png,Sylla,Nafy,Dev-Data,nafy@gmail.com,F",76836320,1
../medias/tete.png,Sarr,Lamine,Dev-Web,moussa@gmail.com,M,75125008,1